<annotation>
	<folder>images</folder>
	<filename>videoplayback0102.jpg</filename>
	<path>G:\My Drive\W251\week8\hw8-repo\images\videoplayback0102.jpg</path>
	<source>
		<database>Unknown</database>
	</source>
	<size>
		<width>1000</width>
		<height>563</height>
		<depth>3</depth>
	</size>
	<segmented>0</segmented>
	<object>
		<name>tf</name>
		<pose>Unspecified</pose>
		<truncated>0</truncated>
		<difficult>0</difficult>
		<bndbox>
			<xmin>105</xmin>
			<ymin>258</ymin>
			<xmax>118</xmax>
			<ymax>270</ymax>
		</bndbox>
	</object>
	<object>
		<name>tf</name>
		<pose>Unspecified</pose>
		<truncated>0</truncated>
		<difficult>0</difficult>
		<bndbox>
			<xmin>131</xmin>
			<ymin>276</ymin>
			<xmax>145</xmax>
			<ymax>293</ymax>
		</bndbox>
	</object>
</annotation>
