<annotation>
	<folder>images</folder>
	<filename>videoplayback2900.jpg</filename>
	<path>G:\My Drive\W251\week8\hw8-repo\images\videoplayback2900.jpg</path>
	<source>
		<database>Unknown</database>
	</source>
	<size>
		<width>1000</width>
		<height>563</height>
		<depth>3</depth>
	</size>
	<segmented>0</segmented>
	<object>
		<name>mf</name>
		<pose>Unspecified</pose>
		<truncated>1</truncated>
		<difficult>0</difficult>
		<bndbox>
			<xmin>1</xmin>
			<ymin>107</ymin>
			<xmax>628</xmax>
			<ymax>404</ymax>
		</bndbox>
	</object>
	<object>
		<name>tf</name>
		<pose>Unspecified</pose>
		<truncated>0</truncated>
		<difficult>0</difficult>
		<bndbox>
			<xmin>590</xmin>
			<ymin>166</ymin>
			<xmax>634</xmax>
			<ymax>216</ymax>
		</bndbox>
	</object>
</annotation>
