<annotation>
	<folder>images</folder>
	<filename>videoplayback0910.jpg</filename>
	<path>G:\My Drive\W251\week8\hw8-repo\images\videoplayback0910.jpg</path>
	<source>
		<database>Unknown</database>
	</source>
	<size>
		<width>1000</width>
		<height>563</height>
		<depth>3</depth>
	</size>
	<segmented>0</segmented>
	<object>
		<name>mf</name>
		<pose>Unspecified</pose>
		<truncated>0</truncated>
		<difficult>0</difficult>
		<bndbox>
			<xmin>262</xmin>
			<ymin>222</ymin>
			<xmax>718</xmax>
			<ymax>338</ymax>
		</bndbox>
	</object>
	<object>
		<name>tf</name>
		<pose>Unspecified</pose>
		<truncated>0</truncated>
		<difficult>0</difficult>
		<bndbox>
			<xmin>776</xmin>
			<ymin>170</ymin>
			<xmax>786</xmax>
			<ymax>182</ymax>
		</bndbox>
	</object>
</annotation>
