<annotation>
	<folder>images</folder>
	<filename>videoplayback1585.jpg</filename>
	<path>G:\My Drive\W251\week8\hw8-repo\images\videoplayback1585.jpg</path>
	<source>
		<database>Unknown</database>
	</source>
	<size>
		<width>1000</width>
		<height>563</height>
		<depth>3</depth>
	</size>
	<segmented>0</segmented>
	<object>
		<name>tf</name>
		<pose>Unspecified</pose>
		<truncated>0</truncated>
		<difficult>0</difficult>
		<bndbox>
			<xmin>124</xmin>
			<ymin>148</ymin>
			<xmax>189</xmax>
			<ymax>202</ymax>
		</bndbox>
	</object>
	<object>
		<name>tf</name>
		<pose>Unspecified</pose>
		<truncated>0</truncated>
		<difficult>0</difficult>
		<bndbox>
			<xmin>180</xmin>
			<ymin>194</ymin>
			<xmax>218</xmax>
			<ymax>226</ymax>
		</bndbox>
	</object>
</annotation>
