<annotation>
	<folder>images</folder>
	<filename>videoplayback2825.jpg</filename>
	<path>G:\My Drive\W251\week8\hw8-repo\images\videoplayback2825.jpg</path>
	<source>
		<database>Unknown</database>
	</source>
	<size>
		<width>1000</width>
		<height>563</height>
		<depth>3</depth>
	</size>
	<segmented>0</segmented>
	<object>
		<name>tf</name>
		<pose>Unspecified</pose>
		<truncated>0</truncated>
		<difficult>0</difficult>
		<bndbox>
			<xmin>486</xmin>
			<ymin>175</ymin>
			<xmax>575</xmax>
			<ymax>258</ymax>
		</bndbox>
	</object>
	<object>
		<name>tf</name>
		<pose>Unspecified</pose>
		<truncated>0</truncated>
		<difficult>0</difficult>
		<bndbox>
			<xmin>704</xmin>
			<ymin>236</ymin>
			<xmax>800</xmax>
			<ymax>320</ymax>
		</bndbox>
	</object>
</annotation>
