<annotation>
	<folder>images</folder>
	<filename>videoplayback0153.jpg</filename>
	<path>G:\My Drive\W251\week8\hw8-repo\images\videoplayback0153.jpg</path>
	<source>
		<database>Unknown</database>
	</source>
	<size>
		<width>1000</width>
		<height>563</height>
		<depth>3</depth>
	</size>
	<segmented>0</segmented>
	<object>
		<name>tf</name>
		<pose>Unspecified</pose>
		<truncated>0</truncated>
		<difficult>0</difficult>
		<bndbox>
			<xmin>348</xmin>
			<ymin>330</ymin>
			<xmax>387</xmax>
			<ymax>368</ymax>
		</bndbox>
	</object>
</annotation>
