<annotation>
	<folder>images</folder>
	<filename>videoplayback3216.jpg</filename>
	<path>G:\My Drive\W251\week8\hw8-repo\images\videoplayback3216.jpg</path>
	<source>
		<database>Unknown</database>
	</source>
	<size>
		<width>1000</width>
		<height>563</height>
		<depth>3</depth>
	</size>
	<segmented>0</segmented>
	<object>
		<name>mf</name>
		<pose>Unspecified</pose>
		<truncated>0</truncated>
		<difficult>0</difficult>
		<bndbox>
			<xmin>182</xmin>
			<ymin>308</ymin>
			<xmax>306</xmax>
			<ymax>352</ymax>
		</bndbox>
	</object>
	<object>
		<name>tf</name>
		<pose>Unspecified</pose>
		<truncated>0</truncated>
		<difficult>0</difficult>
		<bndbox>
			<xmin>316</xmin>
			<ymin>296</ymin>
			<xmax>403</xmax>
			<ymax>370</ymax>
		</bndbox>
	</object>
</annotation>
