<annotation>
	<folder>images</folder>
	<filename>videoplayback2710.jpg</filename>
	<path>G:\My Drive\W251\week8\hw8-repo\images\videoplayback2710.jpg</path>
	<source>
		<database>Unknown</database>
	</source>
	<size>
		<width>1000</width>
		<height>563</height>
		<depth>3</depth>
	</size>
	<segmented>0</segmented>
	<object>
		<name>tf</name>
		<pose>Unspecified</pose>
		<truncated>0</truncated>
		<difficult>0</difficult>
		<bndbox>
			<xmin>138</xmin>
			<ymin>223</ymin>
			<xmax>190</xmax>
			<ymax>284</ymax>
		</bndbox>
	</object>
	<object>
		<name>tf</name>
		<pose>Unspecified</pose>
		<truncated>0</truncated>
		<difficult>0</difficult>
		<bndbox>
			<xmin>174</xmin>
			<ymin>160</ymin>
			<xmax>285</xmax>
			<ymax>286</ymax>
		</bndbox>
	</object>
	<object>
		<name>mf</name>
		<pose>Unspecified</pose>
		<truncated>0</truncated>
		<difficult>0</difficult>
		<bndbox>
			<xmin>344</xmin>
			<ymin>74</ymin>
			<xmax>983</xmax>
			<ymax>490</ymax>
		</bndbox>
	</object>
</annotation>
