<annotation>
	<folder>images</folder>
	<filename>videoplayback2894.jpg</filename>
	<path>G:\My Drive\W251\week8\hw8-repo\images\videoplayback2894.jpg</path>
	<source>
		<database>Unknown</database>
	</source>
	<size>
		<width>1000</width>
		<height>563</height>
		<depth>3</depth>
	</size>
	<segmented>0</segmented>
	<object>
		<name>tf</name>
		<pose>Unspecified</pose>
		<truncated>0</truncated>
		<difficult>0</difficult>
		<bndbox>
			<xmin>404</xmin>
			<ymin>249</ymin>
			<xmax>486</xmax>
			<ymax>334</ymax>
		</bndbox>
	</object>
	<object>
		<name>tf</name>
		<pose>Unspecified</pose>
		<truncated>0</truncated>
		<difficult>0</difficult>
		<bndbox>
			<xmin>645</xmin>
			<ymin>237</ymin>
			<xmax>690</xmax>
			<ymax>289</ymax>
		</bndbox>
	</object>
	<object>
		<name>mf</name>
		<pose>Unspecified</pose>
		<truncated>0</truncated>
		<difficult>0</difficult>
		<bndbox>
			<xmin>24</xmin>
			<ymin>387</ymin>
			<xmax>597</xmax>
			<ymax>489</ymax>
		</bndbox>
	</object>
</annotation>
