<annotation>
	<folder>images</folder>
	<filename>videoplayback1619.jpg</filename>
	<path>G:\My Drive\W251\week8\hw8-repo\images\videoplayback1619.jpg</path>
	<source>
		<database>Unknown</database>
	</source>
	<size>
		<width>1000</width>
		<height>563</height>
		<depth>3</depth>
	</size>
	<segmented>0</segmented>
	<object>
		<name>tf</name>
		<pose>Unspecified</pose>
		<truncated>0</truncated>
		<difficult>0</difficult>
		<bndbox>
			<xmin>720</xmin>
			<ymin>252</ymin>
			<xmax>758</xmax>
			<ymax>289</ymax>
		</bndbox>
	</object>
	<object>
		<name>tf</name>
		<pose>Unspecified</pose>
		<truncated>0</truncated>
		<difficult>0</difficult>
		<bndbox>
			<xmin>862</xmin>
			<ymin>197</ymin>
			<xmax>950</xmax>
			<ymax>276</ymax>
		</bndbox>
	</object>
	<object>
		<name>mf</name>
		<pose>Unspecified</pose>
		<truncated>0</truncated>
		<difficult>0</difficult>
		<bndbox>
			<xmin>265</xmin>
			<ymin>294</ymin>
			<xmax>852</xmax>
			<ymax>447</ymax>
		</bndbox>
	</object>
</annotation>
