<annotation>
	<folder>images</folder>
	<filename>videoplayback2704.jpg</filename>
	<path>G:\My Drive\W251\week8\hw8-repo\images\videoplayback2704.jpg</path>
	<source>
		<database>Unknown</database>
	</source>
	<size>
		<width>1000</width>
		<height>563</height>
		<depth>3</depth>
	</size>
	<segmented>0</segmented>
	<object>
		<name>mf</name>
		<pose>Unspecified</pose>
		<truncated>0</truncated>
		<difficult>0</difficult>
		<bndbox>
			<xmin>366</xmin>
			<ymin>72</ymin>
			<xmax>998</xmax>
			<ymax>490</ymax>
		</bndbox>
	</object>
	<object>
		<name>tf</name>
		<pose>Unspecified</pose>
		<truncated>0</truncated>
		<difficult>0</difficult>
		<bndbox>
			<xmin>135</xmin>
			<ymin>320</ymin>
			<xmax>174</xmax>
			<ymax>358</ymax>
		</bndbox>
	</object>
	<object>
		<name>tf</name>
		<pose>Unspecified</pose>
		<truncated>0</truncated>
		<difficult>0</difficult>
		<bndbox>
			<xmin>163</xmin>
			<ymin>279</ymin>
			<xmax>210</xmax>
			<ymax>326</ymax>
		</bndbox>
	</object>
</annotation>
