<annotation>
	<folder>images</folder>
	<filename>videoplayback3222.jpg</filename>
	<path>G:\My Drive\W251\week8\hw8-repo\images\videoplayback3222.jpg</path>
	<source>
		<database>Unknown</database>
	</source>
	<size>
		<width>1000</width>
		<height>563</height>
		<depth>3</depth>
	</size>
	<segmented>0</segmented>
	<object>
		<name>tf</name>
		<pose>Unspecified</pose>
		<truncated>0</truncated>
		<difficult>0</difficult>
		<bndbox>
			<xmin>397</xmin>
			<ymin>83</ymin>
			<xmax>736</xmax>
			<ymax>462</ymax>
		</bndbox>
	</object>
	<object>
		<name>tf</name>
		<pose>Unspecified</pose>
		<truncated>0</truncated>
		<difficult>0</difficult>
		<bndbox>
			<xmin>433</xmin>
			<ymin>299</ymin>
			<xmax>471</xmax>
			<ymax>341</ymax>
		</bndbox>
	</object>
	<object>
		<name>mf</name>
		<pose>Unspecified</pose>
		<truncated>0</truncated>
		<difficult>0</difficult>
		<bndbox>
			<xmin>351</xmin>
			<ymin>300</ymin>
			<xmax>425</xmax>
			<ymax>322</ymax>
		</bndbox>
	</object>
</annotation>
