<annotation>
	<folder>images</folder>
	<filename>videoplayback3397.jpg</filename>
	<path>G:\My Drive\W251\week8\hw8-repo\images\videoplayback3397.jpg</path>
	<source>
		<database>Unknown</database>
	</source>
	<size>
		<width>1000</width>
		<height>563</height>
		<depth>3</depth>
	</size>
	<segmented>0</segmented>
	<object>
		<name>tf</name>
		<pose>Unspecified</pose>
		<truncated>0</truncated>
		<difficult>0</difficult>
		<bndbox>
			<xmin>688</xmin>
			<ymin>131</ymin>
			<xmax>851</xmax>
			<ymax>314</ymax>
		</bndbox>
	</object>
	<object>
		<name>tf</name>
		<pose>Unspecified</pose>
		<truncated>0</truncated>
		<difficult>0</difficult>
		<bndbox>
			<xmin>376</xmin>
			<ymin>81</ymin>
			<xmax>457</xmax>
			<ymax>173</ymax>
		</bndbox>
	</object>
</annotation>
