<annotation>
	<folder>images</folder>
	<filename>videoplayback1946.jpg</filename>
	<path>G:\My Drive\W251\week8\hw8-repo\images\videoplayback1946.jpg</path>
	<source>
		<database>Unknown</database>
	</source>
	<size>
		<width>1000</width>
		<height>563</height>
		<depth>3</depth>
	</size>
	<segmented>0</segmented>
	<object>
		<name>mf</name>
		<pose>Unspecified</pose>
		<truncated>0</truncated>
		<difficult>0</difficult>
		<bndbox>
			<xmin>135</xmin>
			<ymin>162</ymin>
			<xmax>700</xmax>
			<ymax>464</ymax>
		</bndbox>
	</object>
</annotation>
