<annotation>
	<folder>images</folder>
	<filename>videoplayback2924.jpg</filename>
	<path>G:\My Drive\W251\week8\hw8-repo\images\videoplayback2924.jpg</path>
	<source>
		<database>Unknown</database>
	</source>
	<size>
		<width>1000</width>
		<height>563</height>
		<depth>3</depth>
	</size>
	<segmented>0</segmented>
	<object>
		<name>mf</name>
		<pose>Unspecified</pose>
		<truncated>0</truncated>
		<difficult>0</difficult>
		<bndbox>
			<xmin>133</xmin>
			<ymin>72</ymin>
			<xmax>918</xmax>
			<ymax>322</ymax>
		</bndbox>
	</object>
	<object>
		<name>tf</name>
		<pose>Unspecified</pose>
		<truncated>0</truncated>
		<difficult>0</difficult>
		<bndbox>
			<xmin>356</xmin>
			<ymin>325</ymin>
			<xmax>398</xmax>
			<ymax>373</ymax>
		</bndbox>
	</object>
	<object>
		<name>tf</name>
		<pose>Unspecified</pose>
		<truncated>0</truncated>
		<difficult>0</difficult>
		<bndbox>
			<xmin>615</xmin>
			<ymin>310</ymin>
			<xmax>702</xmax>
			<ymax>410</ymax>
		</bndbox>
	</object>
</annotation>
