<annotation>
	<folder>images</folder>
	<filename>videoplayback3228.jpg</filename>
	<path>G:\My Drive\W251\week8\hw8-repo\images\videoplayback3228.jpg</path>
	<source>
		<database>Unknown</database>
	</source>
	<size>
		<width>1000</width>
		<height>563</height>
		<depth>3</depth>
	</size>
	<segmented>0</segmented>
	<object>
		<name>mf</name>
		<pose>Unspecified</pose>
		<truncated>0</truncated>
		<difficult>0</difficult>
		<bndbox>
			<xmin>334</xmin>
			<ymin>273</ymin>
			<xmax>396</xmax>
			<ymax>298</ymax>
		</bndbox>
	</object>
	<object>
		<name>tf</name>
		<pose>Unspecified</pose>
		<truncated>0</truncated>
		<difficult>0</difficult>
		<bndbox>
			<xmin>312</xmin>
			<ymin>298</ymin>
			<xmax>393</xmax>
			<ymax>384</ymax>
		</bndbox>
	</object>
	<object>
		<name>tf</name>
		<pose>Unspecified</pose>
		<truncated>0</truncated>
		<difficult>0</difficult>
		<bndbox>
			<xmin>406</xmin>
			<ymin>291</ymin>
			<xmax>436</xmax>
			<ymax>322</ymax>
		</bndbox>
	</object>
</annotation>
