<annotation>
	<folder>images</folder>
	<filename>videoplayback3180.jpg</filename>
	<path>G:\My Drive\W251\week8\hw8-repo\images\videoplayback3180.jpg</path>
	<source>
		<database>Unknown</database>
	</source>
	<size>
		<width>1000</width>
		<height>563</height>
		<depth>3</depth>
	</size>
	<segmented>0</segmented>
	<object>
		<name>tf</name>
		<pose>Unspecified</pose>
		<truncated>0</truncated>
		<difficult>0</difficult>
		<bndbox>
			<xmin>498</xmin>
			<ymin>186</ymin>
			<xmax>524</xmax>
			<ymax>210</ymax>
		</bndbox>
	</object>
	<object>
		<name>tf</name>
		<pose>Unspecified</pose>
		<truncated>0</truncated>
		<difficult>0</difficult>
		<bndbox>
			<xmin>617</xmin>
			<ymin>206</ymin>
			<xmax>636</xmax>
			<ymax>224</ymax>
		</bndbox>
	</object>
	<object>
		<name>mf</name>
		<pose>Unspecified</pose>
		<truncated>0</truncated>
		<difficult>0</difficult>
		<bndbox>
			<xmin>528</xmin>
			<ymin>230</ymin>
			<xmax>629</xmax>
			<ymax>265</ymax>
		</bndbox>
	</object>
</annotation>
