<annotation>
	<folder>images</folder>
	<filename>videoplayback0850.jpg</filename>
	<path>G:\My Drive\W251\week8\hw8-repo\images\videoplayback0850.jpg</path>
	<source>
		<database>Unknown</database>
	</source>
	<size>
		<width>1000</width>
		<height>563</height>
		<depth>3</depth>
	</size>
	<segmented>0</segmented>
	<object>
		<name>tf</name>
		<pose>Unspecified</pose>
		<truncated>0</truncated>
		<difficult>0</difficult>
		<bndbox>
			<xmin>267</xmin>
			<ymin>131</ymin>
			<xmax>281</xmax>
			<ymax>148</ymax>
		</bndbox>
	</object>
	<object>
		<name>tf</name>
		<pose>Unspecified</pose>
		<truncated>0</truncated>
		<difficult>0</difficult>
		<bndbox>
			<xmin>505</xmin>
			<ymin>181</ymin>
			<xmax>518</xmax>
			<ymax>192</ymax>
		</bndbox>
	</object>
	<object>
		<name>mf</name>
		<pose>Unspecified</pose>
		<truncated>0</truncated>
		<difficult>0</difficult>
		<bndbox>
			<xmin>272</xmin>
			<ymin>216</ymin>
			<xmax>734</xmax>
			<ymax>334</ymax>
		</bndbox>
	</object>
</annotation>
