<annotation>
	<folder>images</folder>
	<filename>videoplayback2837.jpg</filename>
	<path>G:\My Drive\W251\week8\hw8-repo\images\videoplayback2837.jpg</path>
	<source>
		<database>Unknown</database>
	</source>
	<size>
		<width>1000</width>
		<height>563</height>
		<depth>3</depth>
	</size>
	<segmented>0</segmented>
	<object>
		<name>tf</name>
		<pose>Unspecified</pose>
		<truncated>0</truncated>
		<difficult>0</difficult>
		<bndbox>
			<xmin>361</xmin>
			<ymin>153</ymin>
			<xmax>529</xmax>
			<ymax>323</ymax>
		</bndbox>
	</object>
	<object>
		<name>tf</name>
		<pose>Unspecified</pose>
		<truncated>0</truncated>
		<difficult>0</difficult>
		<bndbox>
			<xmin>685</xmin>
			<ymin>230</ymin>
			<xmax>824</xmax>
			<ymax>376</ymax>
		</bndbox>
	</object>
</annotation>
