<annotation>
	<folder>images</folder>
	<filename>videoplayback2783.jpg</filename>
	<path>G:\My Drive\W251\week8\hw8-repo\images\videoplayback2783.jpg</path>
	<source>
		<database>Unknown</database>
	</source>
	<size>
		<width>1000</width>
		<height>563</height>
		<depth>3</depth>
	</size>
	<segmented>0</segmented>
	<object>
		<name>tf</name>
		<pose>Unspecified</pose>
		<truncated>0</truncated>
		<difficult>0</difficult>
		<bndbox>
			<xmin>10</xmin>
			<ymin>328</ymin>
			<xmax>46</xmax>
			<ymax>383</ymax>
		</bndbox>
	</object>
	<object>
		<name>tf</name>
		<pose>Unspecified</pose>
		<truncated>0</truncated>
		<difficult>0</difficult>
		<bndbox>
			<xmin>416</xmin>
			<ymin>206</ymin>
			<xmax>452</xmax>
			<ymax>262</ymax>
		</bndbox>
	</object>
</annotation>
