<annotation>
	<folder>images</folder>
	<filename>videoplayback0790.jpg</filename>
	<path>G:\My Drive\W251\week8\hw8-repo\images\videoplayback0790.jpg</path>
	<source>
		<database>Unknown</database>
	</source>
	<size>
		<width>1000</width>
		<height>563</height>
		<depth>3</depth>
	</size>
	<segmented>0</segmented>
	<object>
		<name>mf</name>
		<pose>Unspecified</pose>
		<truncated>0</truncated>
		<difficult>0</difficult>
		<bndbox>
			<xmin>266</xmin>
			<ymin>234</ymin>
			<xmax>726</xmax>
			<ymax>364</ymax>
		</bndbox>
	</object>
	<object>
		<name>tf</name>
		<pose>Unspecified</pose>
		<truncated>0</truncated>
		<difficult>0</difficult>
		<bndbox>
			<xmin>24</xmin>
			<ymin>190</ymin>
			<xmax>40</xmax>
			<ymax>207</ymax>
		</bndbox>
	</object>
</annotation>
