<annotation>
	<folder>images</folder>
	<filename>videoplayback0529.jpg</filename>
	<path>G:\My Drive\W251\week8\hw8-repo\images\videoplayback0529.jpg</path>
	<source>
		<database>Unknown</database>
	</source>
	<size>
		<width>1000</width>
		<height>563</height>
		<depth>3</depth>
	</size>
	<segmented>0</segmented>
	<object>
		<name>tf</name>
		<pose>Unspecified</pose>
		<truncated>0</truncated>
		<difficult>0</difficult>
		<bndbox>
			<xmin>100</xmin>
			<ymin>148</ymin>
			<xmax>167</xmax>
			<ymax>230</ymax>
		</bndbox>
	</object>
	<object>
		<name>tf</name>
		<pose>Unspecified</pose>
		<truncated>0</truncated>
		<difficult>0</difficult>
		<bndbox>
			<xmin>230</xmin>
			<ymin>259</ymin>
			<xmax>246</xmax>
			<ymax>278</ymax>
		</bndbox>
	</object>
</annotation>
