<annotation>
	<folder>images</folder>
	<filename>videoplayback3458.jpg</filename>
	<path>G:\My Drive\W251\week8\hw8-repo\images\videoplayback3458.jpg</path>
	<source>
		<database>Unknown</database>
	</source>
	<size>
		<width>1000</width>
		<height>563</height>
		<depth>3</depth>
	</size>
	<segmented>0</segmented>
	<object>
		<name>tf</name>
		<pose>Unspecified</pose>
		<truncated>0</truncated>
		<difficult>0</difficult>
		<bndbox>
			<xmin>278</xmin>
			<ymin>186</ymin>
			<xmax>412</xmax>
			<ymax>332</ymax>
		</bndbox>
	</object>
	<object>
		<name>tf</name>
		<pose>Unspecified</pose>
		<truncated>1</truncated>
		<difficult>0</difficult>
		<bndbox>
			<xmin>708</xmin>
			<ymin>206</ymin>
			<xmax>1000</xmax>
			<ymax>489</ymax>
		</bndbox>
	</object>
	<object>
		<name>mf</name>
		<pose>Unspecified</pose>
		<truncated>0</truncated>
		<difficult>0</difficult>
		<bndbox>
			<xmin>338</xmin>
			<ymin>213</ymin>
			<xmax>476</xmax>
			<ymax>277</ymax>
		</bndbox>
	</object>
</annotation>
