<annotation>
	<folder>images</folder>
	<filename>videoplayback0523.jpg</filename>
	<path>G:\My Drive\W251\week8\hw8-repo\images\videoplayback0523.jpg</path>
	<source>
		<database>Unknown</database>
	</source>
	<size>
		<width>1000</width>
		<height>563</height>
		<depth>3</depth>
	</size>
	<segmented>0</segmented>
	<object>
		<name>tf</name>
		<pose>Unspecified</pose>
		<truncated>0</truncated>
		<difficult>0</difficult>
		<bndbox>
			<xmin>64</xmin>
			<ymin>161</ymin>
			<xmax>116</xmax>
			<ymax>222</ymax>
		</bndbox>
	</object>
	<object>
		<name>tf</name>
		<pose>Unspecified</pose>
		<truncated>0</truncated>
		<difficult>0</difficult>
		<bndbox>
			<xmin>227</xmin>
			<ymin>266</ymin>
			<xmax>243</xmax>
			<ymax>284</ymax>
		</bndbox>
	</object>
</annotation>
