<annotation>
	<folder>images</folder>
	<filename>videoplayback4013.jpg</filename>
	<path>G:\My Drive\W251\week8\hw8-repo\images\videoplayback4013.jpg</path>
	<source>
		<database>Unknown</database>
	</source>
	<size>
		<width>1000</width>
		<height>563</height>
		<depth>3</depth>
	</size>
	<segmented>0</segmented>
	<object>
		<name>mf</name>
		<pose>Unspecified</pose>
		<truncated>0</truncated>
		<difficult>0</difficult>
		<bndbox>
			<xmin>391</xmin>
			<ymin>247</ymin>
			<xmax>636</xmax>
			<ymax>410</ymax>
		</bndbox>
	</object>
	<object>
		<name>tf</name>
		<pose>Unspecified</pose>
		<truncated>0</truncated>
		<difficult>0</difficult>
		<bndbox>
			<xmin>544</xmin>
			<ymin>355</ymin>
			<xmax>620</xmax>
			<ymax>436</ymax>
		</bndbox>
	</object>
	<object>
		<name>tf</name>
		<pose>Unspecified</pose>
		<truncated>0</truncated>
		<difficult>0</difficult>
		<bndbox>
			<xmin>518</xmin>
			<ymin>350</ymin>
			<xmax>584</xmax>
			<ymax>420</ymax>
		</bndbox>
	</object>
</annotation>
