<annotation>
	<folder>images</folder>
	<filename>videoplayback3476.jpg</filename>
	<path>G:\My Drive\W251\week8\hw8-repo\images\videoplayback3476.jpg</path>
	<source>
		<database>Unknown</database>
	</source>
	<size>
		<width>1000</width>
		<height>563</height>
		<depth>3</depth>
	</size>
	<segmented>0</segmented>
	<object>
		<name>tf</name>
		<pose>Unspecified</pose>
		<truncated>0</truncated>
		<difficult>0</difficult>
		<bndbox>
			<xmin>82</xmin>
			<ymin>179</ymin>
			<xmax>232</xmax>
			<ymax>329</ymax>
		</bndbox>
	</object>
	<object>
		<name>tf</name>
		<pose>Unspecified</pose>
		<truncated>0</truncated>
		<difficult>0</difficult>
		<bndbox>
			<xmin>692</xmin>
			<ymin>177</ymin>
			<xmax>999</xmax>
			<ymax>490</ymax>
		</bndbox>
	</object>
	<object>
		<name>mf</name>
		<pose>Unspecified</pose>
		<truncated>0</truncated>
		<difficult>0</difficult>
		<bndbox>
			<xmin>338</xmin>
			<ymin>248</ymin>
			<xmax>464</xmax>
			<ymax>285</ymax>
		</bndbox>
	</object>
</annotation>
