<annotation>
	<folder>images</folder>
	<filename>videoplayback1591.jpg</filename>
	<path>G:\My Drive\W251\week8\hw8-repo\images\videoplayback1591.jpg</path>
	<source>
		<database>Unknown</database>
	</source>
	<size>
		<width>1000</width>
		<height>563</height>
		<depth>3</depth>
	</size>
	<segmented>0</segmented>
	<object>
		<name>tf</name>
		<pose>Unspecified</pose>
		<truncated>0</truncated>
		<difficult>0</difficult>
		<bndbox>
			<xmin>55</xmin>
			<ymin>112</ymin>
			<xmax>166</xmax>
			<ymax>198</ymax>
		</bndbox>
	</object>
	<object>
		<name>tf</name>
		<pose>Unspecified</pose>
		<truncated>0</truncated>
		<difficult>0</difficult>
		<bndbox>
			<xmin>78</xmin>
			<ymin>174</ymin>
			<xmax>138</xmax>
			<ymax>219</ymax>
		</bndbox>
	</object>
</annotation>
