<annotation>
	<folder>images</folder>
	<filename>videoplayback3660.jpg</filename>
	<path>G:\My Drive\W251\week8\hw8-repo\images\videoplayback3660.jpg</path>
	<source>
		<database>Unknown</database>
	</source>
	<size>
		<width>1000</width>
		<height>563</height>
		<depth>3</depth>
	</size>
	<segmented>0</segmented>
	<object>
		<name>mf</name>
		<pose>Unspecified</pose>
		<truncated>0</truncated>
		<difficult>0</difficult>
		<bndbox>
			<xmin>364</xmin>
			<ymin>232</ymin>
			<xmax>696</xmax>
			<ymax>328</ymax>
		</bndbox>
	</object>
	<object>
		<name>tf</name>
		<pose>Unspecified</pose>
		<truncated>0</truncated>
		<difficult>0</difficult>
		<bndbox>
			<xmin>753</xmin>
			<ymin>316</ymin>
			<xmax>783</xmax>
			<ymax>346</ymax>
		</bndbox>
	</object>
	<object>
		<name>tf</name>
		<pose>Unspecified</pose>
		<truncated>0</truncated>
		<difficult>0</difficult>
		<bndbox>
			<xmin>846</xmin>
			<ymin>276</ymin>
			<xmax>870</xmax>
			<ymax>302</ymax>
		</bndbox>
	</object>
</annotation>
