<annotation>
	<folder>images</folder>
	<filename>videoplayback1820.jpg</filename>
	<path>G:\My Drive\W251\week8\hw8-repo\images\videoplayback1820.jpg</path>
	<source>
		<database>Unknown</database>
	</source>
	<size>
		<width>1000</width>
		<height>563</height>
		<depth>3</depth>
	</size>
	<segmented>0</segmented>
	<object>
		<name>mf</name>
		<pose>Unspecified</pose>
		<truncated>0</truncated>
		<difficult>0</difficult>
		<bndbox>
			<xmin>54</xmin>
			<ymin>229</ymin>
			<xmax>808</xmax>
			<ymax>458</ymax>
		</bndbox>
	</object>
	<object>
		<name>tf</name>
		<pose>Unspecified</pose>
		<truncated>0</truncated>
		<difficult>0</difficult>
		<bndbox>
			<xmin>226</xmin>
			<ymin>142</ymin>
			<xmax>279</xmax>
			<ymax>200</ymax>
		</bndbox>
	</object>
	<object>
		<name>tf</name>
		<pose>Unspecified</pose>
		<truncated>0</truncated>
		<difficult>0</difficult>
		<bndbox>
			<xmin>280</xmin>
			<ymin>201</ymin>
			<xmax>306</xmax>
			<ymax>224</ymax>
		</bndbox>
	</object>
</annotation>
