<annotation>
	<folder>images</folder>
	<filename>videoplayback0147.jpg</filename>
	<path>G:\My Drive\W251\week8\hw8-repo\images\videoplayback0147.jpg</path>
	<source>
		<database>Unknown</database>
	</source>
	<size>
		<width>1000</width>
		<height>563</height>
		<depth>3</depth>
	</size>
	<segmented>0</segmented>
	<object>
		<name>tf</name>
		<pose>Unspecified</pose>
		<truncated>0</truncated>
		<difficult>0</difficult>
		<bndbox>
			<xmin>138</xmin>
			<ymin>338</ymin>
			<xmax>196</xmax>
			<ymax>383</ymax>
		</bndbox>
	</object>
	<object>
		<name>tf</name>
		<pose>Unspecified</pose>
		<truncated>0</truncated>
		<difficult>0</difficult>
		<bndbox>
			<xmin>928</xmin>
			<ymin>206</ymin>
			<xmax>999</xmax>
			<ymax>349</ymax>
		</bndbox>
	</object>
</annotation>
