<annotation>
	<folder>images</folder>
	<filename>videoplayback0814.jpg</filename>
	<path>G:\My Drive\W251\week8\hw8-repo\images\videoplayback0814.jpg</path>
	<source>
		<database>Unknown</database>
	</source>
	<size>
		<width>1000</width>
		<height>563</height>
		<depth>3</depth>
	</size>
	<segmented>0</segmented>
	<object>
		<name>mf</name>
		<pose>Unspecified</pose>
		<truncated>0</truncated>
		<difficult>0</difficult>
		<bndbox>
			<xmin>272</xmin>
			<ymin>224</ymin>
			<xmax>734</xmax>
			<ymax>346</ymax>
		</bndbox>
	</object>
	<object>
		<name>tf</name>
		<pose>Unspecified</pose>
		<truncated>0</truncated>
		<difficult>0</difficult>
		<bndbox>
			<xmin>228</xmin>
			<ymin>175</ymin>
			<xmax>243</xmax>
			<ymax>190</ymax>
		</bndbox>
	</object>
</annotation>
