<annotation>
	<folder>images</folder>
	<filename>videoplayback2795.jpg</filename>
	<path>G:\My Drive\W251\week8\hw8-repo\images\videoplayback2795.jpg</path>
	<source>
		<database>Unknown</database>
	</source>
	<size>
		<width>1000</width>
		<height>563</height>
		<depth>3</depth>
	</size>
	<segmented>0</segmented>
	<object>
		<name>tf</name>
		<pose>Unspecified</pose>
		<truncated>0</truncated>
		<difficult>0</difficult>
		<bndbox>
			<xmin>231</xmin>
			<ymin>305</ymin>
			<xmax>273</xmax>
			<ymax>357</ymax>
		</bndbox>
	</object>
	<object>
		<name>tf</name>
		<pose>Unspecified</pose>
		<truncated>0</truncated>
		<difficult>0</difficult>
		<bndbox>
			<xmin>559</xmin>
			<ymin>205</ymin>
			<xmax>600</xmax>
			<ymax>258</ymax>
		</bndbox>
	</object>
</annotation>
