<annotation>
	<folder>images</folder>
	<filename>videoplayback0844.jpg</filename>
	<path>G:\My Drive\W251\week8\hw8-repo\images\videoplayback0844.jpg</path>
	<source>
		<database>Unknown</database>
	</source>
	<size>
		<width>1000</width>
		<height>563</height>
		<depth>3</depth>
	</size>
	<segmented>0</segmented>
	<object>
		<name>mf</name>
		<pose>Unspecified</pose>
		<truncated>0</truncated>
		<difficult>0</difficult>
		<bndbox>
			<xmin>280</xmin>
			<ymin>215</ymin>
			<xmax>736</xmax>
			<ymax>332</ymax>
		</bndbox>
	</object>
	<object>
		<name>tf</name>
		<pose>Unspecified</pose>
		<truncated>0</truncated>
		<difficult>0</difficult>
		<bndbox>
			<xmin>213</xmin>
			<ymin>122</ymin>
			<xmax>229</xmax>
			<ymax>137</ymax>
		</bndbox>
	</object>
	<object>
		<name>tf</name>
		<pose>Unspecified</pose>
		<truncated>0</truncated>
		<difficult>0</difficult>
		<bndbox>
			<xmin>459</xmin>
			<ymin>176</ymin>
			<xmax>473</xmax>
			<ymax>189</ymax>
		</bndbox>
	</object>
</annotation>
