<annotation>
	<folder>images</folder>
	<filename>videoplayback1631.jpg</filename>
	<path>G:\My Drive\W251\week8\hw8-repo\images\videoplayback1631.jpg</path>
	<source>
		<database>Unknown</database>
	</source>
	<size>
		<width>1000</width>
		<height>563</height>
		<depth>3</depth>
	</size>
	<segmented>0</segmented>
	<object>
		<name>mf</name>
		<pose>Unspecified</pose>
		<truncated>0</truncated>
		<difficult>0</difficult>
		<bndbox>
			<xmin>266</xmin>
			<ymin>296</ymin>
			<xmax>886</xmax>
			<ymax>463</ymax>
		</bndbox>
	</object>
	<object>
		<name>tf</name>
		<pose>Unspecified</pose>
		<truncated>0</truncated>
		<difficult>0</difficult>
		<bndbox>
			<xmin>677</xmin>
			<ymin>260</ymin>
			<xmax>703</xmax>
			<ymax>284</ymax>
		</bndbox>
	</object>
	<object>
		<name>tf</name>
		<pose>Unspecified</pose>
		<truncated>0</truncated>
		<difficult>0</difficult>
		<bndbox>
			<xmin>812</xmin>
			<ymin>254</ymin>
			<xmax>850</xmax>
			<ymax>291</ymax>
		</bndbox>
	</object>
</annotation>
